filename,width,height,class,xmin,ymin,xmax,ymax
pair-13-_jpg.rf.00b5fe51fba9b40ddf2bf212cfa63892.jpg,640,640,Pair,279,252,413,361
papyrus-scroll-7-_jpg.rf.057bc680e540fcf9c8823be4b7d3b6ae.jpg,640,640,Papyrus_Scroll,185,349,317,437
belongs-1-_jpg.rf.02044dee3ffba707db0388af036f440b.jpg,640,640,Belongs,138,167,278,298
one-27-_jpg.rf.0c1b097a5ad422d790d896597e55dace.jpg,640,640,One,401,341,451,408
hit-13-_jpg.rf.0919df39b6c2334496ec5ed6ed766f41.jpg,640,640,Hit,238,115,382,337
leg-18-_jpg.rf.0b67ed0173b5d17f00aa3b1008f1c5d0.jpg,640,640,Leg,162,255,296,406
brewer-14-_jpg.rf.0b86f89f83eeff8355e499b709fb4e62.jpg,640,640,Brewer,203,222,326,425
100-16-_jpg.rf.01245963521559fa2e7c874464d6bfa8.jpg,640,640,100,436,146,491,243
corpse-3-_jpg.rf.0831ae66040e88ce334eb95740c6d0a5.jpg,640,640,Corpse,224,189,386,389
life-spirit-30-_jpg.rf.0bbd6d14cd59675587316ac006434dc5.jpg,640,640,Life_Spirit,193,299,312,403
Her-16-_jpg.rf.0f04dba2d0770aa8805e845c4dc122de.jpg,640,640,Her,222,168,405,264
fabric-28-_jpg.rf.04f0b7faf8a619573f54c7b9aca6d984.jpg,640,640,Fabric,289,203,398,419
length-of-a-human-arm-27-_jpg.rf.0e5b771242868eecb9e6aa6bc3da0a23.jpg,640,640,Length_Of_a_Human_Arm,190,344,290,407
turtle-18-_jpg.rf.00926714b15066112d1de7d77a5575af.jpg,640,640,Turtle,163,338,296,495
papyrus-scroll-33-_jpg.rf.09ff0cc2a67e6de88d2dbaa4aa160c04.jpg,640,640,Papyrus_Scroll,192,110,335,209
belongs-30-_jpg.rf.075c584f3898c667ee2f4be8c5adaed1.jpg,640,640,Belongs,210,282,344,360
now-31-_jpg.rf.0f7db8ad70902611905df3ee4c1b0497.jpg,640,640,Now,84,110,226,290
lion-35-_jpg.rf.0c418981e72c6a7f38f2c418b7adc02d.jpg,640,640,Lion,336,280,456,370
leg-3-_jpg.rf.090280f5f493b44cb0e848df8eb374f3.jpg,640,640,Leg,52,285,233,431
belongs-4-_jpg.rf.0d69640f26a0df871ba95befe67c8aeb.jpg,640,640,Belongs,259,272,436,388
pair-19-_jpg.rf.0f138b7c16dd25353cf7ab8b86138724.jpg,640,640,Pair,172,360,312,447
turtle-17-_jpg.rf.0607c10c08278c7d4a50f6450ec51dfc.jpg,640,640,Turtle,298,216,430,388
corpse-38-_jpg.rf.001ca64ea07d9c61eeff49f6cf65b693.jpg,640,640,Corpse,194,286,336,510
sail-28-_jpg.rf.12de1159dddbc2b6ad960e9d9dbb3bff.jpg,640,640,Sail,313,360,435,516
foot-28-_jpg.rf.1200c7d83ddf7c5d2a0fc25ddeace287.jpg,640,640,Foot,247,232,337,417
fingre-20-_jpg.rf.073467aa63a067a4a1f99c2efe1d45ce.jpg,640,640,Fingre,262,256,415,426
stick-28-_jpg.rf.15f99dae73df1692e6223dc6b443d1cb.jpg,640,640,Stick,251,341,388,496
limits-32-_jpg.rf.188f671b0cc2a32ee9ba7e834db21955.jpg,640,640,Limit,198,205,281,356
nurse-19-_jpg.rf.18aaeccaf4a8031c7c5bfbf3d53a8ade.jpg,640,640,Nurse,335,197,443,354
to-protect-36-_jpg.rf.1325ac2a1437525b4abfc5402ca15b2a.jpg,640,640,To_Protect,186,60,307,184
horn-17-_jpg.rf.171ee6c596e27ae83b5de50cb2f191a2.jpg,640,640,Horn,184,116,321,278
semen-6-_jpg.rf.261e762ffa461491291e2daa96ced0ff.jpg,640,640,Semen,86,182,240,290
snake-11-_jpg.rf.18dc94affd7992354a4f8b34e511859c.jpg,640,640,Snake,202,185,322,289
length-of-a-human-arm-24-_jpg.rf.18898c0bb9fe3d5266763f48b603306e.jpg,640,640,Length_Of_a_Human_Arm,374,245,455,346
enclosed-mound-34-_jpg.rf.1e4e5c04552d8f66f05c995c5d97c6c1.jpg,640,640,Enclosed_Mound,173,272,336,425
bread-15-_jpg.rf.1d61293cfb848bed2462f52a958c0deb.jpg,640,640,Bread,151,323,323,440
this-18-_jpg.rf.1423c606564b4468b9f7ffe0a3513932.jpg,640,640,This,239,266,316,404
ring-24-_jpg.rf.27f8757248764d8653da57b2af06dbb7.jpg,640,640,Ring,387,157,521,313
turtle-28-_jpg.rf.201ece759bfe72ac6c3ff9743a9eb89b.jpg,640,640,Turtle,288,337,424,457
now-25-_jpg.rf.19fc4a175540f1efc3dd87643d61e405.jpg,640,640,Now,193,191,332,336
sail-19-_jpg.rf.231df9ebb160c400004f88ae8fd80256.jpg,640,640,Sail,333,47,451,227
water-38-_jpg.rf.22850cf2e15ddd08be48a626960740b2.jpg,640,640,Water,263,158,395,261
you-6-_jpg.rf.1f15c6783446e80d79537b341757bf69.jpg,640,640,You,194,293,417,424
composite_bow-35-_jpg.rf.22dc8c10bbba75660b7292a585686d37.jpg,640,640,Composite_Bow,192,258,378,399
cobra-6-_jpg.rf.1c4446232b33b09bb8bc1dd158a828a1.jpg,640,640,Cobra,316,233,456,479
fabric-11-_jpg.rf.1d2ebd00090d5e80f2cf2be279b62197.jpg,640,640,Fabric,162,133,256,333
among-20-_jpg.rf.28a03d1e7d71afab3c4a937e828d4a2a.jpg,640,640,Among,237,234,337,360
dessert-23-_jpg.rf.281991ab323a7920615b19dcce7bc43b.jpg,640,640,Dessert,212,107,359,293
horn-3-_jpg.rf.1a1be29f1dbfa6f97778eeaa369b3e0c.jpg,640,640,Horn,110,238,249,324
quailchick-33-_jpg.rf.290eebd99a12853af725cb393c8aeaca.jpg,640,640,QuailChick,272,256,397,415
one-41-_jpg.rf.2404deb0a5712d73fe8f9584945cc3c7.jpg,640,640,One,293,286,354,365
boy-18-_jpg.rf.21b689317154eaa57e5efd1bf5ddbdc2.jpg,640,640,Boy,397,133,506,314
ring-5-_jpg.rf.30f5cec65dc19b517113afdfc47a99fb.jpg,640,640,Ring,270,117,394,271
snake-30-_jpg.rf.28913efe2f088d28769bef41dbd9710f.jpg,640,640,Snake,248,345,392,491
nile-fish-4-_jpg.rf.2e43f60e20df9ac003974202c289e5fb.jpg,640,640,Nile_Fish,392,225,516,344
canal-31-_jpg.rf.30219aac96b7f7ca9e2537a426f6341f.jpg,640,640,Canal,120,147,308,300
lizard-21-_jpg.rf.3488c5f360d8c7cc82dcb78daf0ec6b3.jpg,640,640,Lizard,268,296,430,433
one-22-_jpg.rf.3677f7879b5f8e58a35371f7a8779915.jpg,640,640,One,247,183,295,258
ring-28-_jpg.rf.35b363b0321b661bdbfc176f1267da8d.jpg,640,640,Ring,137,261,245,413
man-25-_jpg.rf.2070975a6639791d28548d839ec8ac71.jpg,640,640,Man,352,100,467,260
quailchick-12-_jpg.rf.2c11a02e8f25718b579ed863d77941f6.jpg,640,640,QuailChick,167,153,302,352
king-8-_jpg.rf.36a0950da7c6ac39ec98e0b6ea2095cb.jpg,640,640,King,285,304,415,502
star-21-_jpg.rf.3829cf6417beb0a2b671d3d400729695.jpg,640,640,Star,317,372,406,538
falcon-22-_jpg.rf.2e897109ac8f78125000da141272f5dd.jpg,640,640,Falcon,361,145,527,316
birth-32-_jpg.rf.33d0bb81961718e159c830f53a959809.jpg,640,640,Birth,246,180,355,351
bury-27-_jpg.rf.3092d5752f07fe2a6ae2097c6366e709.jpg,640,640,Bury,103,136,348,353
musical-instrument-20-_jpg.rf.35722ad0f62f6049ac5ddfc8d6320ede.jpg,640,640,Musical_Instrument,218,162,304,302
loaf-of-bread-32-_jpg.rf.314fc73961dea2721b779bfa1f4f82f7.jpg,640,640,Loaf_Of_Bread,274,246,401,360
fingre-21-_jpg.rf.2ef92fa4dd8d2c419a03f01fd6494b19.jpg,640,640,Fingre,329,54,402,232
aroura-30-_jpg.rf.2fe3943bf61689e22072438fbd872ee0.jpg,640,640,Aroura,195,120,347,269
small-ring-1-_jpg.rf.3a122d386b891360b3597888f5b12f1f.jpg,640,640,Small_Ring,285,236,359,313
swallow-22-_jpg.rf.33f0be1575640f8ade01e9fdab12996b.jpg,640,640,Swallow,313,201,413,365
aroura-8-_jpg.rf.394fa73d0b98bf17adde5806144efaf0.jpg,640,640,Aroura,125,176,279,308
fingre-11-_jpg.rf.3da99a3c0bf3e85a5ab5f2cfb5209fea.jpg,640,640,Fingre,163,240,278,410
among-17-_jpg.rf.39c32dfdad47f5a3eb098bfd92b7e494.jpg,640,640,Among,119,292,218,405
builder-41-_jpg.rf.3abc8744138e41ade0a24149928ad428.jpg,640,640,Builder,307,135,491,364
bury-11-_jpg.rf.3e3659967c5c927b2f19b45f7aba6235.jpg,640,640,Bury,187,168,358,422
ruler-24-_jpg.rf.48694696dd066c52c2e71f25941b90e4.jpg,640,640,Ruler,211,181,289,312
viper-5-_jpg.rf.4279d930dfe8d420f7f6af4cad745dd5.jpg,640,640,Viper,187,179,333,257
soldier-13-_jpg.rf.3e32454c0c54d2f4f620656ba57601d0.jpg,640,640,Soldier,335,274,446,444
water-28-_jpg.rf.3e321be48c13fa5eb675e361defae0e6.jpg,640,640,Water,196,406,334,519
snake-8-_jpg.rf.3a71de0470f83ab1ffe2bc0e31097275.jpg,640,640,Snake,151,333,288,467
to-be-dead-10-_jpg.rf.481ca9b949e4e61f98effdaaa9bed1bd.jpg,640,640,To_Be_Dead,127,120,330,210
rope-38-_jpg.rf.3dad1880e11bf3184ca275d703cf5b22.jpg,640,640,Rope,327,328,419,451
this-3-_jpg.rf.4718789a87ae45bb3bcec5418e0727db.jpg,640,640,This,136,332,233,484
bad-thinking-13-_jpg.rf.447bd77155b8d12e0c56229ea2bd9dd2.jpg,640,640,Bad_Thinking,156,163,334,357
eye-26-_jpg.rf.3d30f06870837f7556e5b8087b79922f.jpg,640,640,Eye,163,259,342,383
pair-37-_jpg.rf.3b819f6b20d3fbfd59136b978d80b1bd.jpg,640,640,Pair,225,141,363,242
loaf-of-bread-34-_jpg.rf.4621c53b27dd7434b92fb134783644f6.jpg,640,640,Loaf_Of_Bread,176,182,262,296
star-15-_jpg.rf.4885c8ed62d5e32233e0ab0b175e92e7.jpg,640,640,Star,314,270,461,425
wall-19-_jpg.rf.3b2877afde86754be66383492e032002.jpg,640,640,Wall,407,281,492,449
angry-33-_jpg.rf.44f9a2f5ee405c7591d60b7e2737604a.jpg,640,640,Angry,211,183,324,399
lizard-26-_jpg.rf.49adc05dd178059656f0b40c01f0cf99.jpg,640,640,Lizard,240,108,392,260
stick-40-_jpg.rf.4c08c52eb554576b762902c22b28212b.jpg,640,640,Stick,219,231,340,315
falcon-21-_jpg.rf.3b07091131fe251e636c22e53b123055.jpg,640,640,Falcon,241,147,381,313
flail-15-_jpg.rf.4a0e00f804352de43915d6042c1c5cbf.jpg,640,640,Flail,272,241,438,439
board-game-30-_jpg.rf.45fb3b68a21c06d079a9e0fa3bba1a7d.jpg,640,640,Board_Game,194,164,344,309
king-11-_jpg.rf.4a8aca518d2e20f3f43a20060eca3e8e.jpg,640,640,King,196,210,285,356
viper-38-_jpg.rf.46e3c7801d7a3684de42ea42afd2eb4a.jpg,640,640,Viper,214,225,364,286
rope-29-_jpg.rf.4d55fad38c8b070349b18ea9f37558d9.jpg,640,640,Rope,170,266,258,405
papyrus-scroll-26-_jpg.rf.4efc5f766bdf44566de9d6d7e1a13107.jpg,640,640,Papyrus_Scroll,312,140,456,277
one-3-_jpg.rf.4b3275cd4f812e1079d36a281ca38438.jpg,640,640,One,211,116,250,214
one-37-_jpg.rf.507f7ab5950bffc860b4e10b8ce68a7e.jpg,640,640,One,407,356,462,457
sail-5-_jpg.rf.506332a24c6f1b27ad960d9e06b968c3.jpg,640,640,Sail,102,229,269,384
viper-12-_jpg.rf.4bb1369e27dcbddcd48107c23f35d831.jpg,640,640,Viper,236,173,333,289
soldier-4-_jpg.rf.54a93fe0496f461fc62bd434b88db49f.jpg,640,640,Soldier,113,211,221,403
sandal-21-_jpg.rf.50be27b37bebcdf077cdf6a9ff541bdf.jpg,640,640,Sandal,331,252,440,406
bee-14-_jpg.rf.4acc1d5579ea668caaaf58d2b205bdd8.jpg,640,640,Bee,274,198,447,368
viper-37-_jpg.rf.50dec74935760a7373956c29b0c5b1f4.jpg,640,640,Viper,266,138,400,226
you-11-_jpg.rf.514b2580fcec2256127d039a9e124691.jpg,640,640,You,302,51,465,251
Woman-27-_jpg.rf.535ba96b0b8cf96fa8ca13e37851ce9d.jpg,640,640,Woman,164,158,308,341
aroura-1-_jpg.rf.4e191499febd57fbbee84aacc31ce48e.jpg,640,640,Aroura,251,350,392,425
rope-21-_jpg.rf.5833edb595b29e7427225f622f4ea18f.jpg,640,640,Rope,246,186,332,339
among-41-_jpg.rf.54ce59e9a0a0ce4a916c848b27b87fbc.jpg,640,640,Among,292,184,352,321
horn-15-_jpg.rf.570fb2b9595d5c7ec18797c649212e14.jpg,640,640,Horn,284,173,433,301
nursing-26-_jpg.rf.4feb1094069036708085c1d2f8da2b42.jpg,640,640,Nursing,297,215,429,392
stick-41-_jpg.rf.507d1855bf4a71db1b32436eeaafa52e.jpg,640,640,Stick,255,347,380,465
galena-17-_jpg.rf.4d9940fc4be277649e14cb11b38aaadc.jpg,640,640,Galena,226,240,388,348
cobra-11-_jpg.rf.5ab787201f641f2928a2d5d549dd88f4.jpg,640,640,Cobra,94,79,274,256
aroura-5-_jpg.rf.549faacc3d43d2c7b6ed678fa0971e7e.jpg,640,640,Aroura,344,98,465,226
horn-38-_jpg.rf.5722f4218eae080aa0fc3aee713c0ba1.jpg,640,640,Horn,300,177,452,283
one-34-_jpg.rf.5f810fb25faa81e0edc111874dfaea64.jpg,640,640,One,286,151,322,237
pool-38-_jpg.rf.5d61823b04352ea105dcfbc6d71454ae.jpg,640,640,Pool,159,284,349,417
face-13-_jpg.rf.6280b5286c2dc5d60d2861b4ae2860b8.jpg,640,640,Face,195,81,287,240
length-of-a-human-arm-33-_jpg.rf.603b087c600d38c1f2655e76179d1b44.jpg,640,640,Length_Of_a_Human_Arm,171,359,256,464
corpse-34-_jpg.rf.61ea8ccfbd5a84d8451685826d5e4a19.jpg,640,640,Corpse,348,296,526,545
viper-33-_jpg.rf.60154694780f41c26c22a314b6fc79bf.jpg,640,640,Viper,189,226,325,301
board-game-4-_jpg.rf.5b9893f8c9f7cf691f299db79562a798.jpg,640,640,Board_Game,332,333,477,419
man-9-_jpg.rf.6533a16f2d5b0a6590cde053860d85c5.jpg,640,640,Man,219,164,350,332
composite_bow-7-_jpg.rf.5bfc57fbe79e81646afcd73cf893c8bf.jpg,640,640,Composite_Bow,300,330,452,412
sandal-3-_jpg.rf.61b33fd1345a37764d19161f2f652c12.jpg,640,640,Sandal,322,245,435,382
ring-25-_jpg.rf.59c506fc0b024a724f1fc088d635f66a.jpg,640,640,Ring,156,192,298,335
giraffe-12-_jpg.rf.5d7841bb1ac1b607645bdbca3f4763a7.jpg,640,640,Giraffe,111,261,268,433
belongs-31-_jpg.rf.558656a3adb8012cc5f79a14bbd1a5b0.jpg,640,640,Belongs,115,337,319,465
nile-fish-31-_jpg.rf.68a6aef77816e38a7c910b7c94d8032d.jpg,640,640,Nile_Fish,289,306,435,419
turtle-4-_jpg.rf.63b00e9b427f6cf0da1483743c9ca3b5.jpg,640,640,Turtle,164,190,294,329
loaf-24-_jpg.rf.58a502050949e2bd4c6f2521ce4af6e8.jpg,640,640,Loaf,186,254,274,335
fabric-1-_jpg.rf.63e867004f86e1c831678975f2431d0e.jpg,640,640,Fabric,131,316,281,482
nile-fish-37-_jpg.rf.5fa112f4823b1687d0435a647cf541f1.jpg,640,640,Nile_Fish,246,207,393,311
bad-thinking-3-_jpg.rf.634bcf62a2e209153fc48c49a449bb33.jpg,640,640,Bad_Thinking,253,207,413,399
limits-26-_jpg.rf.6157dc24308388d9c63942547cef207b.jpg,640,640,Limit,216,333,279,517
belongs-40-_jpg.rf.6a4a4ca522ad8729d2acf92eff97dc2f.jpg,640,640,Belongs,178,314,322,411
ruler-7-_jpg.rf.65122485edb13022432586f34529919a.jpg,640,640,Ruler,191,107,280,283
mother-31-_jpg.rf.65ceee26b9737b2124da57b11e4f5dd8.jpg,640,640,Mother,137,138,253,344
enclosed-mound-18-_jpg.rf.63b43f54b421eebf8aad4846e634418d.jpg,640,640,Enclosed_Mound,145,170,301,356
to-be-dead-39-_jpg.rf.6dba0c9b03a5aaa1e4b5579cab6eed7a.jpg,640,640,To_Be_Dead,198,203,315,371
loaf-25-_jpg.rf.6bd65ce785e287bb98768e1f5821f01d.jpg,640,640,Loaf,175,333,252,401
fish-16-_jpg.rf.65ff8324576d18f5a02bbc25ffdfb2c5.jpg,640,640,Fish,165,259,304,410
bread-12-_jpg.rf.680669e455d5df41b7666243b6677479.jpg,640,640,Bread,326,193,484,301
viper-8-_jpg.rf.6c923c964f9fc83fceb96fe0fb2a2645.jpg,640,640,Viper,260,350,394,407
small-ring-5-_jpg.rf.70ff658698bbb9c8ff857af907a97cf8.jpg,640,640,Small_Ring,388,313,448,414
giraffe-10-_jpg.rf.703481026471aa56ba86988dd58b3324.jpg,640,640,Giraffe,154,325,275,509
mouth-34-_jpg.rf.7282cf538a1a50fdfe1b7115099a2af9.jpg,640,640,Mouth,213,194,361,355
angry-11-_jpg.rf.6f813ed35123e2a0db16f9fbd7a13f0e.jpg,640,640,Angry,133,247,286,351
belongs-6-_jpg.rf.6b8ab8d348f929de4355740286a7a9ab.jpg,640,640,Belongs,100,362,283,473
soldier-3-_jpg.rf.6d281ea005d1dba0bfa3f1474e04d0d0.jpg,640,640,Soldier,252,162,374,350
small-ring-22-_jpg.rf.6811a308312df64bcf0e1fd43840a26f.jpg,640,640,Small_Ring,227,335,295,419
to-protect-9-_jpg.rf.6ca24bdcfb826a3bc31afbbca9f0998d.jpg,640,640,To_Protect,240,152,382,225
small-ring-39-_jpg.rf.735eba1636c79bf71d67375d62b67e6f.jpg,640,640,Small_Ring,415,341,507,447
to-be-dead-36-_jpg.rf.73831fb2d6a0dfecb936ba8d32dc64d9.jpg,640,640,To_Be_Dead,304,256,453,356
galena-37-_jpg.rf.6b908b92f3dfdfc91869ffce138e28d3.jpg,640,640,Galena,303,203,416,316
branch-5-_jpg.rf.76338487fdac304ae488bbd7d2ca5d15.jpg,640,640,Branch,357,117,533,252
lizard-15-_jpg.rf.75ac945051a0e2e7534d55b67d6b037c.jpg,640,640,Lizard,252,248,399,379
divide-8-_jpg.rf.72be7f34b208ef29dd5c16e01685e3c0.jpg,640,640,Divide,257,211,420,399
loaf-of-bread-1-_jpg.rf.73bc3939b2f76ff2cd4e230ad4d1e012.jpg,640,640,Loaf_Of_Bread,348,242,418,350
galena-40-_jpg.rf.6a8e5108d91a94d83d2995a4239c0d98.jpg,640,640,Galena,369,202,514,324
galena-36-_jpg.rf.71a5757b7a4caf1c5ff8eb3ffca80daa.jpg,640,640,Galena,115,327,242,448
pair-36-_jpg.rf.7365179e866b2e069c215ade412ea154.jpg,640,640,Pair,273,210,418,309
king-39-_jpg.rf.77d22df84c8f537407a321164d62e6fa.jpg,640,640,King,176,181,271,354
water-24-_jpg.rf.79436ddc103f0b41e15d9dba21f84a56.jpg,640,640,Water,224,259,356,363
bad-thinking-34-_jpg.rf.74980bcf5dabc539bad3f562e87914bf.jpg,640,640,Bad_Thinking,294,234,472,431
builder-25-_jpg.rf.7266551aee661d5fc97e7f0eb93218d9.jpg,640,640,Builder,176,187,351,382
not-39-_jpg.rf.7872f98bc7f38058aeabbaf25e225b37.jpg,640,640,Not,208,261,339,430
one-6-_jpg.rf.78201c68d363a80793f3867e498884dc.jpg,640,640,One,187,253,218,333
limits-19-_jpg.rf.7cbec068606b96cfe90f83a967dc7260.jpg,640,640,Limit,317,348,433,505
corpse-11-_jpg.rf.7cfd74a503e0c9eebb0f486bbff84bac.jpg,640,640,Corpse,299,270,505,488
at-17-_jpg.rf.84e322a5a2bcb4d213ac9eef20e0a274.jpg,640,640,At,218,173,337,259
he-3-_jpg.rf.7c6c62ed38be59cb5193adb529dac714.jpg,640,640,He,347,252,496,483
reed-1-_jpg.rf.7f5cf40f7f8ba45cea44f76a929de786.jpg,640,640,Reed,122,200,213,336
nursing-32-_jpg.rf.80d025fa12c2c8763b3d7394bc502ecb.jpg,640,640,Nursing,337,280,451,461
hit-12-_jpg.rf.801e06ef20fadc1986a9002498afe5b9.jpg,640,640,Hit,153,185,289,369
book-23-_jpg.rf.848d905db43e6ea32541173e5df1d341.jpg,640,640,Book,295,130,418,261
among-16-_jpg.rf.8145270026f72c68f0e7b7142e9d199e.jpg,640,640,Among,273,291,356,431
nile-fish-18-_jpg.rf.820096923dfd9a163229912c77e971fd.jpg,640,640,Nile_Fish,401,252,586,404
ankh-4-_jpg.rf.85555c801446209d5ae636b06d478f72.jpg,640,640,Ankh,390,144,506,299
fingre-10-_jpg.rf.809fe48d71d368985b9e8cd9c7a7a29d.jpg,640,640,Fingre,372,272,453,449
loaf-of-bread-38-_jpg.rf.89d1988baf8cd8d175555fd2f6e70cfc.jpg,640,640,Loaf_Of_Bread,341,211,431,330
angry-28-_jpg.rf.863d2f34234603f262b3db65973835e1.jpg,640,640,Angry,275,180,425,304
among-8-_jpg.rf.863a9dfcc4507aa7e5482b414c2d70c5.jpg,640,640,Among,203,196,263,370
bee-24-_jpg.rf.86e3b3a6bd2c977084ecb822dcac1303.jpg,640,640,Bee,313,265,431,450
to-protect-17-_jpg.rf.83e1ded0f58c3933aa75a2455c34f38f.jpg,640,640,To_Protect,229,276,340,390
horn-1-_jpg.rf.87541934fc75acd79db1179e1b91d41f.jpg,640,640,Horn,253,344,406,453
fabric-9-_jpg.rf.89258c8170df40ef575a141fa68e43c9.jpg,640,640,Fabric,307,217,454,387
ruler-18-_jpg.rf.886ce401d3a6a39f34b6f5126386d808.jpg,640,640,Ruler,269,186,354,385
he-31-_jpg.rf.90082ae4cd3ceaffd978b007181e6d0a.jpg,640,640,He,180,165,327,387
quailchick-16-_jpg.rf.880ca45a67d70969151561dac2da996f.jpg,640,640,QuailChick,137,234,274,421
sandal-8-_jpg.rf.8af1e5db032fff608baf65b47dff1c74.jpg,640,640,Sandal,219,141,292,310
sandal-33-_jpg.rf.8386261c70d24c3953fe253d5438c6eb.jpg,640,640,Sandal,233,142,307,318
lion-6-_jpg.rf.93a9d9d40ca69343d7f74400d29f6029.jpg,640,640,Lion,348,283,496,364
canal-26-_jpg.rf.8784d279bb1d5098581b87f68f1829ed.jpg,640,640,Canal,309,346,496,523
flail-29-_jpg.rf.939b09282b4e7fedbf2e0ae8b511ed32.jpg,640,640,Flail,116,187,243,347
nurse-16-_jpg.rf.8d9d73ac4a73d2b55172497d0ea1e81e.jpg,640,640,Nurse,121,184,238,344
bee-8-_jpg.rf.934560a86f71e90d2a939f43fa2bb73b.jpg,640,640,Bee,124,333,278,524
builder-13-_jpg.rf.8ef366ed39aa7d1ba5c40bd588035862.jpg,640,640,Builder,327,110,459,327
papyrus-scroll-9-_jpg.rf.907dfe21fbaded9748c928485e5769b0.jpg,640,640,Papyrus_Scroll,149,230,317,309
pool-19-_jpg.rf.8afaf057781e8c339b25fcdea3f86ef7.jpg,640,640,Pool,288,217,444,394
hit-25-_jpg.rf.93a632f2b1edb19b5eaa325b9e0b4017.jpg,640,640,Hit,180,295,319,482
builder-12-_jpg.rf.7f3e8a9eb0dc282c01a268df3930c515.jpg,640,640,Builder,212,178,384,379
hit-40-_jpg.rf.97a5aa8b1e6124c5ccd0c474659bc523.jpg,640,640,Hit,168,309,330,507
fish-20-_jpg.rf.964ef848defbb2274897ec189487da0f.jpg,640,640,Fish,155,289,307,463
birth-22-_jpg.rf.97beb877173cc859d2887bba01365aaa.jpg,640,640,Birth,239,113,339,292
corpse-20-_jpg.rf.9467e8ff3e23aa54632baec84dffacfe.jpg,640,640,Corpse,314,212,500,424
one-32-_jpg.rf.957401d19f7ec9b6ccbef6dc4b0cbba7.jpg,640,640,One,346,324,399,400
bee-36-_jpg.rf.98e3fb7bc2078e12c82c80f86dede8d2.jpg,640,640,Bee,126,218,300,386
enclosed-mound-3-_jpg.rf.9e21761540a323a719af4765896d8e31.jpg,640,640,Enclosed_Mound,180,177,339,282
among-12-_jpg.rf.9f35e7249e5ed10833064977cd840dc8.jpg,640,640,Among,410,316,470,494
sail-35-_jpg.rf.96f9067bb0d6ba61600aff087e5eaa3b.jpg,640,640,Sail,293,118,420,294
folded-11-_jpg.rf.8ff18e336e7a2ecfb160376a67604311.jpg,640,640,Folded_Cloth,191,247,340,456
bee-30-_jpg.rf.960db6a8a86bd024d069a513e20f68a8.jpg,640,640,Bee,339,312,505,471
one-1-_jpg.rf.9bcf9e0222d80725c07f579f88777004.jpg,640,640,One,318,124,383,201
owl-37-_jpg.rf.9aa6dadb9e1055e70a5843e4b30b72a2.jpg,640,640,Owl,209,166,372,349
bee-41-_jpg.rf.9645820bae7fa4383bce543c9d384067.jpg,640,640,Bee,171,210,328,393
birth-15-_jpg.rf.9e75f3c7b9ed2c17ab62784501a7c05f.jpg,640,640,Birth,171,330,281,518
life-spirit-13-_jpg.rf.9c3f706f59fe574b287b53cc3b2cd8a0.jpg,640,640,Life_Spirit,202,270,299,416
Woman-12-_jpg.rf.9f8c883574b70d987d5eeb86cc7e9eb1.jpg,640,640,Woman,342,334,465,502
foot-38-_jpg.rf.9ef5de8d1c0c2e19a66d601c55141e67.jpg,640,640,Foot,279,165,386,429
belongs-20-_jpg.rf.9e571512b2c88f22efac2e3a365c077d.jpg,640,640,Belongs,202,224,372,387
lion-22-_jpg.rf.9e28707bf8832cf31eb2b3db88e1a4c4.jpg,640,640,Lion,176,331,375,447
viper-2-_jpg.rf.9ea4ae74e193b9d7fa00791f64a8a0f2.jpg,640,640,Viper,186,337,323,424
soldier-7-_jpg.rf.a0b9fba097df4588e1608baa0d9c7ef0.jpg,640,640,Soldier,295,200,411,360
to-be-dead-12-_jpg.rf.a0cdab6c2b0e907a550fe418dcfe297f.jpg,640,640,To_Be_Dead,87,320,243,451
Her-39-_jpg.rf.a26861c93574e0211b954a4a1be64a00.jpg,640,640,Her,254,235,391,343
snake-1-_jpg.rf.a14cfd14a12e696f298fa2b3dad46611.jpg,640,640,Snake,267,148,376,323
flail-37-_jpg.rf.a23b55f9533bf868332a6dd04fed2e4c.jpg,640,640,Flail,362,137,497,293
loaf-of-bread-35-_jpg.rf.a10bd730cd0a0d0d6afa03c464dc1f3b.jpg,640,640,Loaf_Of_Bread,185,300,261,441
mouth-7-_jpg.rf.a0459cc3beee54f6b7e2962720e76942.jpg,640,640,Mouth,324,297,465,402
you-35-_jpg.rf.a3663215ffeb908bd085b54714eddaac.jpg,640,640,You,226,288,389,548
small-ring-21-_jpg.rf.a36576c44a6433d1f743285a4408cbe0.jpg,640,640,Small_Ring,237,362,309,451
cloth-on-pole-31-_jpg.rf.a1e0c8398e9d28ea1d3c47df4b765f7d.jpg,640,640,Cloth_on_Pole,399,226,609,455
length-of-a-human-arm-25-_jpg.rf.a36bec9e7862f016d1636c633bf23e4a.jpg,640,640,Length_Of_a_Human_Arm,313,289,367,412
folded-41-_jpg.rf.a31e5d08afcf8d80bf0d005d42773510.jpg,640,640,Folded_Cloth,457,157,532,305
ring-18-_jpg.rf.a75e28f4cb5931f179c4029b5d01a6f9.jpg,640,640,Ring,150,183,267,310
belongs-17-_jpg.rf.96a6a22aefe309ecb5c7f425d5082737.jpg,640,640,Belongs,181,176,374,290
to-be-dead-33-_jpg.rf.a0fcc2b145c905363f90c8b1c2a2d454.jpg,640,640,To_Be_Dead,231,307,389,390
dessert-39-_jpg.rf.a54f18199e8b8a193396496e9afc942e.jpg,640,640,Dessert,365,351,568,497
board-game-28-_jpg.rf.a442ba78541ae60376116b1d871ef9b7.jpg,640,640,Board_Game,145,207,296,326
you-28-_jpg.rf.a819fee20fef6dc36a46700beee19fa1.jpg,640,640,You,299,244,423,439
loaf-of-bread-21-_jpg.rf.ae419b8c028e24bd5e8fceaacf083dea.jpg,640,640,Loaf_Of_Bread,276,333,379,517
bad-thinking-29-_jpg.rf.a9de1d6ab29fbe16cdc5c3a35eaf45e1.jpg,640,640,Bad_Thinking,229,233,362,424
galena-38-_jpg.rf.a467de1818bf56d427bbd43007fbf6cb.jpg,640,640,Galena,153,212,262,330
falcon-28-_jpg.rf.aaac3837565a6f165f431b9774e045ac.jpg,640,640,Falcon,208,119,348,317
he-16-_jpg.rf.a14796c4f336c2ede389d794880802ca.jpg,640,640,He,194,169,339,337
loaf-9-_jpg.rf.a52b20d15363bbd3d7a967974755b43c.jpg,640,640,Loaf,350,243,440,336
foot-6-_jpg.rf.b22a114a6183bac8c819324b9a5aaf6c.jpg,640,640,Foot,254,65,393,293
foot-39-_jpg.rf.ad2f6dbfed3e166a694ad0ea37f2541c.jpg,640,640,Foot,309,143,439,348
aroura-23-_jpg.rf.abb15637a97d41696227449864c9f835.jpg,640,640,Aroura,306,168,459,260
ankh-22-_jpg.rf.ad8898658479878af6a7e5734409ebce.jpg,640,640,Ankh,236,306,347,505
Woman-16-_jpg.rf.a75ac2b0fac8227e2eed2c64a0bea68a.jpg,640,640,Woman,226,78,374,318
occur-12-_jpg.rf.b282e3cd19146cbe0d0faf638b99ee63.jpg,640,640,Occur,155,225,282,387
birth-23-_jpg.rf.b5ffbac8a57601d75fda280833ae3d5a.jpg,640,640,Birth,366,264,498,452
divide-10-_jpg.rf.b44b54914b575929f449258f67fa38a0.jpg,640,640,Divide,151,147,299,265
sail-11-_jpg.rf.b459da16065314224122eeec53601a1e.jpg,640,640,Sail,317,173,484,341
sandal-24-_jpg.rf.af53256082fca1d0217bee817acb2eb5.jpg,640,640,Sandal,375,131,467,300
swallow-11-_jpg.rf.b18732a60935531c3735eb8814727471.jpg,640,640,Swallow,186,125,302,296
composite_bow-31-_jpg.rf.b98ded4cfcf24e04df77699b592b0da2.jpg,640,640,Composite_Bow,205,224,355,317
galena-1-_jpg.rf.a7fab78e99d23642ff9a1c4d6cb9ff2d.jpg,640,640,Galena,105,349,253,447
fingre-7-_jpg.rf.b4f80b52b3371e809dc9e4b49bf27c72.jpg,640,640,Fingre,336,206,416,375
folded-36-_jpg.rf.ae6bfdabf479d0401432a26561b4c687.jpg,640,640,Folded_Cloth,376,300,474,457
bad-thinking-7-_jpg.rf.b81f1115e81b629720d259618c522e16.jpg,640,640,Bad_Thinking,235,278,407,476
owl-40-_jpg.rf.b131f3f297360a9ec19833ea13c7ae85.jpg,640,640,Owl,298,222,459,415
corpse-29-_jpg.rf.b983633e0b39a80b4942d79094d652d6.jpg,640,640,Corpse,274,129,425,332
loaf-2-_jpg.rf.b72ef6b6e702edae9f08d997a7ca0c1f.jpg,640,640,Loaf,135,240,239,338
meet-20-_jpg.rf.b63753be4a45097ada4e67d60a8a9f33.jpg,640,640,Meet,210,194,349,329
composite_bow-37-_jpg.rf.b8a0a5b1427fbe553eeae6d2b0e0e052.jpg,640,640,Composite_Bow,315,295,460,432
to-be-dead-34-_jpg.rf.af4bbb1b221f62a015db059d86afd7d3.jpg,640,640,To_Be_Dead,128,69,269,269
to-be-dead-41-_jpg.rf.b7230a53410767de6dcb2805f6af17d4.jpg,640,640,To_Be_Dead,213,255,383,343
pair-31-_jpg.rf.bdbfd047a53ce55da465be6f9ba4ffa2.jpg,640,640,Pair,183,137,341,240
this-29-_jpg.rf.b6c4d89fa53ab163c6b672c708c97ef9.jpg,640,640,This,217,125,307,247
stick-1-_jpg.rf.bbba3d72428a4f9bc4b45902f20d4ec5.jpg,640,640,Stick,311,284,459,347
ruler-3-_jpg.rf.bcad4a29830b1fe48f8aadb16c5115f1.jpg,640,640,Ruler,469,146,539,289
flail-5-_jpg.rf.bdca0f1c16edc61ed71d715e2e3dbf92.jpg,640,640,Flail,245,94,375,327
folded-6-_jpg.rf.c1cee1551001e7aa58ad7a14fcd50e87.jpg,640,640,Folded_Cloth,359,269,461,434
this-1-_jpg.rf.becfebe76be301055b25f5b39f57ded6.jpg,640,640,This,272,249,372,418
king-6-_jpg.rf.c2e9206421935d54f014481aa4b9c657.jpg,640,640,King,302,291,413,491
giraffe-18-_jpg.rf.c12549d1e59e33b7ba8093bff0b444d6.jpg,640,640,Giraffe,142,148,244,305
turtle-29-_jpg.rf.b700dbdcaa7e980ccef148d6a1b97e58.jpg,640,640,Turtle,155,137,295,263
semen-41-_jpg.rf.bf8a14d89a0d6017c19c02e4e6ebf959.jpg,640,640,Semen,195,156,327,237
cobra-10-_jpg.rf.c2bb4dc32259b67e63fbe3829406d2da.jpg,640,640,Cobra,260,165,478,399
composite_bow-26-_jpg.rf.c1cf194e959e27326bc2654948653736.jpg,640,640,Composite_Bow,292,235,408,371
not-26-_jpg.rf.c520b204a55eb65d7d1ebeb8d0c20890.jpg,640,640,Not,267,192,347,365
face-28-_jpg.rf.beb571eeaaa7ae6b9f5c5a81c5317bf1.jpg,640,640,Face,291,148,389,284
quailchick-7-_jpg.rf.c71f2dce803638564dcfa5e99439156d.jpg,640,640,QuailChick,398,103,511,259
one-26-_jpg.rf.baa473771961d6fd8ac3b7656edb2ae4.jpg,640,640,One,356,398,421,483
foot-2-_jpg.rf.c808fe26bdedc72e6d4373544d5fa34e.jpg,640,640,Foot,282,189,363,385
ruler-14-_jpg.rf.bfc6b8ca869b8c1bc0911063d9a83934.jpg,640,640,Ruler,287,190,394,322
owl-14-_jpg.rf.cbbb3961797dc8bb751d17382cdaaafb.jpg,640,640,Owl,303,191,423,393
Her-2-_jpg.rf.cace8206b14d8db8faf96e91630866ad.jpg,640,640,Her,231,391,375,479
fabric-38-_jpg.rf.cb5358b090ff545a6510ab0addce3429.jpg,640,640,Fabric,260,109,365,323
brewer-3-_jpg.rf.c56cf3c5d8f5620add1c891b1301c689.jpg,640,640,Brewer,199,162,370,360
folded-18-_jpg.rf.d023d3de8f4684d223878abd660c3549.jpg,640,640,Folded_Cloth,212,325,323,492
corpse-21-_jpg.rf.cbcb17e62526ffa579dc72196b0810d2.jpg,640,640,Corpse,181,338,358,478
mouth-25-_jpg.rf.d4f10c1d21526b6767314d233c0184c4.jpg,640,640,Mouth,300,294,422,436
semen-7-_jpg.rf.c9e088d3601ff245a5f44fe58b220481.jpg,640,640,Semen,197,142,358,283
rope-20-_jpg.rf.cc842479b9a2d0dc07f101c0f7b5c252.jpg,640,640,Rope,177,309,252,429
to-protect-29-_jpg.rf.cd9c0284c38544a7ae7921075f4a2743.jpg,640,640,To_Protect,234,365,331,446
folded-1-_jpg.rf.d3c55556b27de71c3a694a31d014d7d0.jpg,640,640,Folded_Cloth,285,117,409,259
soldier-27-_jpg.rf.c5dfa84c93e1c4378763da13ff3e6243.jpg,640,640,Soldier,162,314,310,459
sail-30-_jpg.rf.d4ad14e38f41cc8a8b4ca5546b907174.jpg,640,640,Sail,261,49,391,265
divide-21-_jpg.rf.d66e02faafc38885cb7d1b8e233d202c.jpg,640,640,Divide,331,197,455,348
folded-15-_jpg.rf.c84f5cc1cdda5673e4e7dd47066af4ab.jpg,640,640,Folded_Cloth,254,271,348,448
occur-9-_jpg.rf.d2427fb65c45ac0f8646bfc43057b813.jpg,640,640,Occur,261,297,358,476
foot-37-_jpg.rf.d0400ece10d694ed3f431cf6db378b54.jpg,640,640,Foot,173,235,300,414
to-be-dead-23-_jpg.rf.d34febedfa9feb673d103af2bd195ed1.jpg,640,640,To_Be_Dead,302,281,456,371
corpse-31-_jpg.rf.d570e9642e340070b2ee4d191709269b.jpg,640,640,Corpse,152,293,340,483
branch-4-_jpg.rf.cc60e33cd1e3321c440d33947210c5c3.jpg,640,640,Branch,245,331,431,431
hit-37-_jpg.rf.d1b88a583846d62b4aa43175abd5cdae.jpg,640,640,Hit,342,72,465,338
cooked-33-_jpg.rf.d7c876caee0ab203a583c7a200defee6.jpg,640,640,Cooked,345,160,465,369
owl-30-_jpg.rf.c93b8e843322ba9fad27fbe6549dcf92.jpg,640,640,Owl,233,138,355,283
at-29-_jpg.rf.c35e7436d0ba36af65e4a125b225cb45.jpg,640,640,At,169,194,303,286
bandage-40-_jpg.rf.d80ff268b336c86d8840a537c6638120.jpg,640,640,Bandage,147,180,308,400
giraffe-37-_jpg.rf.d9a8268e61ebbdd71ea948140ede3e04.jpg,640,640,Giraffe,272,143,399,308
among-34-_jpg.rf.d715c7f8bdd24718ec58456c2260d8b9.jpg,640,640,Among,156,57,260,221
limits-20-_jpg.rf.d7f714c1d91ed123a3da32fafae06829.jpg,640,640,Limit,247,276,351,446
branch-40-_jpg.rf.de85f716c864f0458f7930d6e6d2d4a7.jpg,640,640,Branch,247,187,440,313
at-4-_jpg.rf.d1d1f0baf196d73f4dd48c53403496f5.jpg,640,640,At,238,261,377,390
quailchick-20-_jpg.rf.c5b76cbf514f2958c6d798ecec951e24.jpg,640,640,QuailChick,186,192,301,389
star-23-_jpg.rf.dc292eb5cb390d0cd521970c33f1ebaf.jpg,640,640,Star,401,149,538,295
quailchick-34-_jpg.rf.dbd9b04857e4b05617eb5cc377effb94.jpg,640,640,QuailChick,97,51,229,248
to-say-26-_jpg.rf.d9ee64039efaa961d920edc0bc738663.jpg,640,640,To_Say,180,188,260,272
lion-26-_jpg.rf.d8bad59d37612b34b127ebda462d8347.jpg,640,640,Lion,179,158,325,274
giraffe-19-_jpg.rf.debec5ef39dd750ff50e0e1b6a9b0667.jpg,640,640,Giraffe,330,218,442,409
loaf-5-_jpg.rf.ddc83007cc661d082366964a4ce6c62e.jpg,640,640,Loaf,229,329,297,400
elephant-21-_jpg.rf.db316e426a7ec29994181dbeb2e93905.jpg,640,640,Elephant,303,108,470,306
loaf-19-_jpg.rf.e2ecbf41d700cf58c3f25333025a0243.jpg,640,640,Loaf,229,215,290,264
builder-39-_jpg.rf.e2749e8c654e92f86c7d527498e18c66.jpg,640,640,Builder,162,251,357,441
bee-39-_jpg.rf.e375c332853987509fef3838ca3d97dc.jpg,640,640,Bee,141,289,351,509
bad-thinking-14-_jpg.rf.ded021c1467302f87c713365774ea17d.jpg,640,640,Bad_Thinking,243,259,385,474
among-36-_jpg.rf.e674aab085100572bbb27523badf52b1.jpg,640,640,Among,370,331,449,476
bury-41-_jpg.rf.e42b2dd5678f104352135b86ff0cc006.jpg,640,640,Bury,351,251,629,449
flail-19-_jpg.rf.e35af6bab9f0e5067ac4d37d04e44b3e.jpg,640,640,Flail,322,129,434,288
composite_bow-21-_jpg.rf.de8671203f36574922b40f03e5da5a71.jpg,640,640,Composite_Bow,200,277,348,429
small-ring-2-_jpg.rf.d978afea573b00ae2c3e1f807b72b180.jpg,640,640,Small_Ring,179,179,253,273
galena-28-_jpg.rf.e3fcd781c47768942feb352872657f4c.jpg,640,640,Galena,320,282,428,396
fish-13-_jpg.rf.e5615b3b428a450a5416eb4efd70079e.jpg,640,640,Fish,121,241,252,340
giraffe-27-_jpg.rf.e7beef86f3393ac82a7e7ab7158741ee.jpg,640,640,Giraffe,379,143,496,370
builder-36-_jpg.rf.e75e6f0bffa29aec7b2ffa6081bbb2a2.jpg,640,640,Builder,250,243,439,445
face-19-_jpg.rf.e88167de4c234d6fa691560c60bbe62b.jpg,640,640,Face,335,148,453,295
semen-3-_jpg.rf.d9879636f0dcf7af63a50c7467a47826.jpg,640,640,Semen,279,310,403,417
to-say-15-_jpg.rf.e9356ce1b3cc0e51d0172d9ca11b0998.jpg,640,640,To_Say,286,224,359,300
birth-13-_jpg.rf.db015cc5275b2c81bb4c7ac8ef6160da.jpg,640,640,Birth,243,81,335,294
fish-6-_jpg.rf.ed6c28f3c972e47590cf312dfcfbeac6.jpg,640,640,Fish,301,254,474,361
mouth-27-_jpg.rf.ed85d70cf4278b757f72d2abcb2222c4.jpg,640,640,Mouth,251,178,401,257
cooked-41-_jpg.rf.f0c76dbfa6c3d6bea465dd239ac89c79.jpg,640,640,Cooked,119,271,265,417
Her-21-_jpg.rf.ebd85d0b912ceb27579844ff78840f9a.jpg,640,640,Her,318,249,462,406
meet-9-_jpg.rf.eb2bc78a5e88214143a4aa3fb68c84db.jpg,640,640,Meet,265,184,472,311
to-say-37-_jpg.rf.e4b8299dcf7e71df914e5777f5bfe8e9.jpg,640,640,To_Say,358,382,429,483
papyrus-scroll-13-_jpg.rf.f0013635db8b3ff1f91b556e025e0156.jpg,640,640,Papyrus_Scroll,352,310,485,407
star-34-_jpg.rf.ec731e0f95f3d3ab7879d1ce24515c13.jpg,640,640,Star,335,318,448,434
not-30-_jpg.rf.f0775f70990b8dee5c8ee5911536100c.jpg,640,640,Not,166,241,277,395
loaf-of-bread-28-_jpg.rf.ed7b33997497005d936156c2a1e62c53.jpg,640,640,Loaf_Of_Bread,431,327,571,506
aroura-19-_jpg.rf.ef1ae6c5ac104083c9b8911681bb7df5.jpg,640,640,Aroura,232,302,395,444
stick-12-_jpg.rf.f17f902f5602bd1465d09f9830a0a380.jpg,640,640,Stick,176,312,309,400
mouth-37-_jpg.rf.ea209a5f91a2db823760b355fc85ccdd.jpg,640,640,Mouth,204,225,336,311
duck-14-_jpg.rf.f4abbbedce6bb4c75ff600b051da7f6c.jpg,640,640,Duck,339,169,530,363
to-say-35-_jpg.rf.ef1e188fe9c041486ae95f50d08c5e1b.jpg,640,640,To_Say,237,142,297,238
soldier-31-_jpg.rf.e3b84962f3643fffe0421a7fe016bc8c.jpg,640,640,Soldier,166,339,265,510
eye-37-_jpg.rf.f1e161ba0881eb2722f8a446a2ecba60.jpg,640,640,Eye,272,258,450,426
swallow-21-_jpg.rf.f420b5c7b1c103c2ed57e3c17fe3959a.jpg,640,640,Swallow,283,132,411,259
fabric-15-_jpg.rf.f2a4b2371a3948cca1c1150ab9bdd6e8.jpg,640,640,Fabric,203,289,363,457
enclosed-mound-9-_jpg.rf.edfddfa656bedff510bc7a1c9831c827.jpg,640,640,Enclosed_Mound,313,346,488,474
composite_bow-36-_jpg.rf.ee36f17d2b80d01e48fbbdd57cd6d56f.jpg,640,640,Composite_Bow,293,348,450,472
fingre-22-_jpg.rf.f84b24977a2d0b82c4ccc0060387bf31.jpg,640,640,Fingre,269,204,373,360
pair-34-_jpg.rf.fc516eca3645b3980aefdf9afcfed004.jpg,640,640,Pair,216,254,366,349
ruler-31-_jpg.rf.fac559612429a5437b6db429badb031f.jpg,640,640,Ruler,209,188,282,326
100-12-_jpg.rf.fb1b9b584b6e16e1909c3e0829273685.jpg,640,640,100,157,199,233,291
meet-18-_jpg.rf.f8074724d7958e581a7f2809a93f4d1d.jpg,640,640,Meet,247,261,411,341
folded-38-_jpg.rf.f933d0219c509ec081e060db146ac3ca.jpg,640,640,Folded_Cloth,319,164,459,356
musical-instrument-33-_jpg.rf.f8a80ad6c94e5e5e7a0d4f5cc8295b91.jpg,640,640,Musical_Instrument,408,131,497,274
horn-28-_jpg.rf.f50684d6023a561707bf979c8353f616.jpg,640,640,Horn,237,141,418,292
fingre-2-_jpg.rf.fea6389b6ce9c8fd96958b8adea1e66b.jpg,640,640,Fingre,141,244,288,413
dessert-36-_jpg.rf.fd5b5f299fc2fb41371c89b53968b235.jpg,640,640,Dessert,310,343,551,493
man-32-_jpg.rf.f35431cb827a9254f26de6926e983e0d.jpg,640,640,Man,209,55,379,293
you-19-_jpg.rf.f9e5f7abaa2c69e6e444a2945f32e1a2.jpg,640,640,You,117,148,284,301
100-40-_jpg.rf.fdfe2d3911c8439b4ab41e8a0e85f3e0.jpg,640,640,100,218,293,273,380
galena-26-_jpg.rf.fcc57538723f2066cfbd7fd575fd5d1b.jpg,640,640,Galena,280,152,391,294
he-14-_jpg.rf.fb84cd72fa58aa6f22e10f4da42bce21.jpg,640,640,He,111,161,238,351
nurse-22-_jpg.rf.ecfc6e038c9ef509efb115d0f7ccc748.jpg,640,640,Nurse,285,249,402,380
leg-7-_jpg.rf.fdbf2457613b7587bc5e47da2c41611b.jpg,640,640,Leg,382,166,554,295
composite_bow-13-_jpg.rf.ff55322e84f517f60dbd3de77e66fe20.jpg,640,640,Composite_Bow,311,163,496,307